gm,apoc,apoc,apoc,apoc,apoc,apoc,apoc,apoc,apoc,apoc,apoc,apoc,apoc,apoc,apoc,apoc,apoc,apoc,apoc,apoc,apoc,apoc,apoc,apoc,apoc,apoc,apoc,apoc,apoc,apoc,apoc,apoc,apoc,apoc,apoc,apoc,apoc,apoc,apoc,apoc,apoc,apoc,apoc,apoc,apoc,apoc,apoc,apoc,apoc,apoc,apoc,apoc,apoc,apoc,apoc,apoc,apoc,apoc,apoc,apoc,apoc,apoc,apoc,apoc,apoc,apoc,apoc,apoc,apoc,apoc
db,apoc,apoc,apoc,apoc,apoc,apoc,apoc,apoc,apoc,apoc,apoc,apoc,apoc,apoc,apoc,apoc,apoc,apoc,apoc,apoc,apoc,apoc,apoc,apoc,apoc,apoc,apoc,apoc,apoc,apoc,apoc,apoc,apoc,apoc,apoc,apoc,apoc,apoc,apoc,apoc,apoc,apoc,apoc,apoc,apoc,apoc,apoc,apoc,apoc,apoc,apoc,apoc,apoc,apoc,apoc,apoc,apoc,apoc,apoc,apoc,apoc,apoc,apoc,apoc,apoc,apoc,apoc,apoc,apoc,apoc
mc,apoc,apoc,apoc,apoc,apoc,apoc,apoc,apoc,apoc,apoc,apoc,apoc,apoc,apoc,apoc,apoc,apoc,apoc,apoc,apoc,apoc,apoc,apoc,apoc,apoc,apoc,apoc,apoc,apoc,apoc,apoc,apoc,apoc,apoc,apoc,apoc,apoc,apoc,apoc,apoc,apoc,apoc,apoc,apoc,apoc,apoc,apoc,apoc,apoc,apoc,apoc,apoc,apoc,apoc,apoc,apoc,apoc,apoc,apoc,apoc,apoc,apoc,apoc,apoc,apoc,apoc,apoc,apoc,apoc,apoc
cc,apoc,apoc,apoc,apoc,apoc,apoc,apoc,apoc,apoc,apoc,apoc,apoc,apoc,apoc,apoc,apoc,apoc,apoc,apoc,apoc,apoc,apoc,apoc,apoc,apoc,apoc,apoc,apoc,apoc,apoc,apoc,apoc,apoc,apoc,apoc,apoc,apoc,apoc,apoc,apoc,apoc,apoc,apoc,apoc,apoc,apoc,apoc,apoc,apoc,apoc,apoc,apoc,apoc,apoc,apoc,apoc,apoc,apoc,apoc,apoc,apoc,apoc,apoc,apoc,apoc,apoc,apoc,apoc,apoc,apoc
sd,apoc,apoc,apoc,apoc,apoc,apoc,apoc,apoc,apoc,apoc,apoc,apoc,apoc,apoc,apoc,apoc,apoc,apoc,apoc,apoc,apoc,apoc,apoc,apoc,apoc,apoc,apoc,apoc,apoc,apoc,apoc,apoc,apoc,apoc,apoc,apoc,apoc,apoc,apoc,apoc,apoc,apoc,apoc,apoc,apoc,apoc,apoc,apoc,apoc,apoc,apoc,apoc,apoc,apoc,apoc,apoc,apoc,apoc,apoc,apoc,apoc,apoc,apoc,apoc,apoc,apoc,apoc,apoc,apoc,apoc
hl,apoc,apoc,apoc,apoc,apoc,apoc,apoc,apoc,apoc,apoc,apoc,apoc,apoc,apoc,apoc,apoc,apoc,apoc,apoc,apoc,apoc,apoc,apoc,apoc,apoc,apoc,apoc,apoc,apoc,apoc,apoc,apoc,apoc,apoc,apoc,apoc,apoc,apoc,apoc,apoc,apoc,apoc,apoc,apoc,apoc,apoc,apoc,apoc,apoc,apoc,apoc,apoc,apoc,apoc,apoc,apoc,apoc,apoc,apoc,apoc,apoc,apoc,apoc,apoc,apoc,apoc,apoc,apoc,apoc,apoc
dl,apoc,apoc,apoc,apoc,apoc,apoc,apoc,apoc,apoc,apoc,apoc,apoc,apoc,apoc,apoc,apoc,apoc,apoc,apoc,apoc,apoc,apoc,apoc,apoc,apoc,apoc,apoc,apoc,apoc,apoc,apoc,apoc,apoc,apoc,apoc,apoc,apoc,apoc,apoc,apoc,apoc,apoc,apoc,apoc,apoc,apoc,apoc,apoc,apoc,apoc,apoc,apoc,apoc,apoc,apoc,apoc,apoc,apoc,apoc,apoc,apoc,apoc,apoc,apoc,apoc,apoc,apoc,apoc,apoc,apoc
rm,apoc,apoc,apoc,apoc,apoc,apoc,apoc,apoc,apoc,apoc,apoc,apoc,apoc,apoc,apoc,apoc,apoc,apoc,apoc,apoc,apoc,apoc,apoc,apoc,apoc,apoc,apoc,apoc,apoc,apoc,apoc,apoc,apoc,apoc,apoc,apoc,apoc,apoc,apoc,apoc,apoc,apoc,apoc,apoc,apoc,apoc,apoc,apoc,apoc,apoc,apoc,apoc,apoc,apoc,apoc,apoc,apoc,apoc,apoc,apoc,apoc,apoc,apoc,apoc,apoc,apoc,apoc,apoc,apoc,apoc
pa,apoc,apoc,apoc,apoc,apoc,apoc,apoc,apoc,apoc,apoc,apoc,apoc,apoc,apoc,apoc,apoc,apoc,apoc,apoc,apoc,apoc,apoc,apoc,apoc,apoc,apoc,apoc,apoc,apoc,apoc,apoc,apoc,apoc,apoc,apoc,apoc,apoc,apoc,apoc,apoc,apoc,apoc,apoc,apoc,apoc,apoc,apoc,apoc,apoc,apoc,apoc,apoc,apoc,apoc,apoc,apoc,apoc,apoc,apoc,apoc,apoc,apoc,apoc,apoc,apoc,apoc,apoc,apoc,apoc,apoc
tb,apoc,apoc,apoc,apoc,apoc,apoc,apoc,apoc,apoc,apoc,apoc,apoc,apoc,apoc,apoc,apoc,apoc,apoc,apoc,apoc,apoc,apoc,apoc,apoc,apoc,apoc,apoc,apoc,apoc,apoc,apoc,apoc,apoc,apoc,apoc,apoc,apoc,apoc,apoc,apoc,apoc,apoc,apoc,apoc,apoc,apoc,apoc,apoc,apoc,apoc,apoc,apoc,apoc,apoc,apoc,apoc,apoc,apoc,apoc,apoc,apoc,apoc,apoc,apoc,apoc,apoc,apoc,apoc,apoc,apoc
lb,apoc,apoc,apoc,apoc,apoc,apoc,apoc,apoc,apoc,apoc,apoc,apoc,apoc,apoc,apoc,apoc,apoc,apoc,apoc,apoc,apoc,apoc,apoc,apoc,apoc,apoc,apoc,apoc,apoc,apoc,apoc,apoc,apoc,apoc,apoc,apoc,apoc,apoc,apoc,apoc,apoc,apoc,apoc,apoc,apoc,apoc,apoc,apoc,apoc,apoc,apoc,apoc,apoc,apoc,apoc,apoc,apoc,apoc,apoc,apoc,apoc,apoc,apoc,apoc,apoc,apoc,apoc,apoc,apoc,apoc
lc,apoc,apoc,apoc,apoc,apoc,apoc,apoc,apoc,apoc,apoc,apoc,apoc,apoc,apoc,apoc,apoc,apoc,apoc,apoc,apoc,apoc,apoc,apoc,apoc,apoc,apoc,apoc,apoc,apoc,apoc,apoc,apoc,apoc,apoc,apoc,apoc,apoc,apoc,apoc,apoc,apoc,apoc,apoc,apoc,apoc,apoc,apoc,apoc,apoc,apoc,apoc,apoc,apoc,apoc,apoc,apoc,apoc,apoc,apoc,apoc,apoc,apoc,apoc,apoc,apoc,apoc,apoc,apoc,apoc,apoc
dh,apoc,apoc,apoc,apoc,apoc,apoc,apoc,apoc,apoc,apoc,apoc,apoc,apoc,apoc,apoc,apoc,apoc,apoc,apoc,apoc,apoc,apoc,apoc,apoc,apoc,apoc,apoc,apoc,apoc,apoc,apoc,apoc,apoc,apoc,apoc,apoc,apoc,apoc,apoc,apoc,apoc,apoc,apoc,apoc,apoc,apoc,apoc,apoc,apoc,apoc,apoc,apoc,apoc,apoc,apoc,apoc,apoc,apoc,apoc,apoc,apoc,apoc,apoc,apoc,apoc,apoc,apoc,apoc,apoc,apoc
sk,apoc,apoc,apoc,apoc,apoc,apoc,apoc,apoc,apoc,apoc,apoc,apoc,apoc,apoc,apoc,apoc,apoc,apoc,apoc,apoc,apoc,apoc,apoc,apoc,apoc,apoc,apoc,apoc,apoc,apoc,apoc,apoc,apoc,apoc,apoc,apoc,apoc,apoc,apoc,apoc,apoc,apoc,apoc,apoc,apoc,apoc,apoc,apoc,apoc,apoc,apoc,apoc,apoc,apoc,apoc,apoc,apoc,apoc,apoc,apoc,apoc,apoc,apoc,apoc,apoc,apoc,apoc,apoc,apoc,apoc
ml,apoc,apoc,apoc,apoc,apoc,apoc,apoc,apoc,apoc,apoc,apoc,apoc,apoc,apoc,apoc,apoc,apoc,apoc,apoc,apoc,apoc,apoc,apoc,apoc,apoc,apoc,apoc,apoc,apoc,apoc,apoc,apoc,apoc,apoc,apoc,apoc,apoc,apoc,apoc,apoc,apoc,apoc,apoc,apoc,apoc,apoc,apoc,apoc,apoc,apoc,apoc,apoc,apoc,apoc,apoc,apoc,apoc,apoc,apoc,apoc,apoc,apoc,apoc,apoc,apoc,apoc,apoc,apoc,apoc,apoc
jl,apoc,apoc,apoc,apoc,apoc,apoc,apoc,apoc,apoc,apoc,apoc,apoc,apoc,apoc,apoc,apoc,apoc,apoc,apoc,apoc,apoc,apoc,apoc,apoc,apoc,apoc,apoc,apoc,apoc,apoc,apoc,apoc,apoc,apoc,apoc,apoc,apoc,apoc,apoc,apoc,apoc,apoc,apoc,apoc,apoc,apoc,apoc,apoc,apoc,apoc,apoc,apoc,apoc,apoc,apoc,apoc,apoc,apoc,apoc,apoc,apoc,apoc,apoc,apoc,apoc,apoc,apoc,apoc,apoc,apoc
gn,apoc,apoc,apoc,apoc,apoc,apoc,apoc,apoc,apoc,apoc,apoc,apoc,apoc,apoc,apoc,apoc,apoc,apoc,apoc,apoc,apoc,apoc,apoc,apoc,apoc,apoc,apoc,apoc,apoc,apoc,apoc,apoc,apoc,apoc,apoc,apoc,apoc,apoc,apoc,apoc,apoc,apoc,apoc,apoc,apoc,apoc,apoc,apoc,apoc,apoc,apoc,apoc,apoc,apoc,apoc,apoc,apoc,apoc,apoc,apoc,apoc,apoc,apoc,apoc,apoc,apoc,apoc,apoc,apoc,apoc
rp,apoc,apoc,apoc,apoc,apoc,apoc,apoc,apoc,apoc,apoc,apoc,apoc,apoc,apoc,apoc,apoc,apoc,apoc,apoc,apoc,apoc,apoc,apoc,apoc,apoc,apoc,apoc,apoc,apoc,apoc,apoc,apoc,apoc,apoc,apoc,apoc,apoc,apoc,apoc,apoc,apoc,apoc,apoc,apoc,apoc,apoc,apoc,apoc,apoc,apoc,apoc,apoc,apoc,apoc,apoc,apoc,apoc,apoc,apoc,apoc,apoc,apoc,apoc,apoc,apoc,apoc,apoc,apoc,apoc,apoc
ar,apoc,apoc,apoc,apoc,apoc,apoc,apoc,apoc,apoc,apoc,apoc,apoc,apoc,apoc,apoc,apoc,apoc,apoc,apoc,apoc,apoc,apoc,apoc,apoc,apoc,apoc,apoc,apoc,apoc,apoc,apoc,apoc,apoc,apoc,apoc,apoc,apoc,apoc,apoc,apoc,apoc,apoc,apoc,apoc,apoc,apoc,apoc,apoc,apoc,apoc,apoc,apoc,apoc,apoc,apoc,apoc,apoc,apoc,apoc,apoc,apoc,apoc,apoc,apoc,apoc,apoc,apoc,apoc,apoc,apoc
ls,apoc,apoc,apoc,apoc,apoc,apoc,apoc,apoc,apoc,apoc,apoc,apoc,apoc,apoc,apoc,apoc,apoc,apoc,apoc,apoc,apoc,apoc,apoc,apoc,apoc,apoc,apoc,apoc,apoc,apoc,apoc,apoc,apoc,apoc,apoc,apoc,apoc,apoc,apoc,apoc,apoc,apoc,apoc,apoc,apoc,apoc,apoc,apoc,apoc,apoc,apoc,apoc,apoc,apoc,apoc,apoc,apoc,apoc,apoc,apoc,apoc,apoc,apoc,apoc,apoc,apoc,apoc,apoc,apoc,apoc
av,apoc,apoc,apoc,apoc,apoc,apoc,apoc,apoc,apoc,apoc,apoc,apoc,apoc,apoc,apoc,apoc,apoc,apoc,apoc,apoc,apoc,apoc,apoc,apoc,apoc,apoc,apoc,apoc,apoc,apoc,apoc,apoc,apoc,apoc,apoc,apoc,apoc,apoc,apoc,apoc,apoc,apoc,apoc,apoc,apoc,apoc,apoc,apoc,apoc,apoc,apoc,apoc,apoc,apoc,apoc,apoc,apoc,apoc,apoc,apoc,apoc,apoc,apoc,apoc,apoc,apoc,apoc,apoc,apoc,apoc
fh,apoc,apoc,apoc,apoc,apoc,apoc,apoc,apoc,apoc,apoc,apoc,apoc,apoc,apoc,apoc,apoc,apoc,apoc,apoc,apoc,apoc,apoc,apoc,apoc,apoc,apoc,apoc,apoc,apoc,apoc,apoc,apoc,apoc,apoc,apoc,apoc,apoc,apoc,apoc,apoc,apoc,apoc,apoc,apoc,apoc,apoc,apoc,apoc,apoc,apoc,apoc,apoc,apoc,apoc,apoc,apoc,apoc,apoc,apoc,apoc,apoc,apoc,apoc,apoc,apoc,apoc,apoc,apoc,apoc,apoc
xh,apoc,apoc,apoc,apoc,apoc,apoc,apoc,apoc,apoc,apoc,apoc,apoc,apoc,apoc,apoc,apoc,apoc,apoc,apoc,apoc,apoc,apoc,apoc,apoc,apoc,apoc,apoc,apoc,apoc,apoc,apoc,apoc,apoc,apoc,apoc,apoc,apoc,apoc,apoc,apoc,apoc,apoc,apoc,apoc,apoc,apoc,apoc,apoc,apoc,apoc,apoc,apoc,apoc,apoc,apoc,apoc,apoc,apoc,apoc,apoc,apoc,apoc,apoc,apoc,apoc,apoc,apoc,apoc,apoc,apoc
ck,apoc,apoc,apoc,apoc,apoc,apoc,apoc,apoc,apoc,apoc,apoc,apoc,apoc,apoc,apoc,apoc,apoc,apoc,apoc,apoc,apoc,apoc,apoc,apoc,apoc,apoc,apoc,apoc,apoc,apoc,apoc,apoc,apoc,apoc,apoc,apoc,apoc,apoc,apoc,apoc,apoc,apoc,apoc,apoc,apoc,apoc,apoc,apoc,apoc,apoc,apoc,apoc,apoc,apoc,apoc,apoc,apoc,apoc,apoc,apoc,apoc,apoc,apoc,apoc,apoc,apoc,apoc,apoc,apoc,apoc
blee,apoc,apoc,apoc,apoc,apoc,apoc,apoc,apoc,apoc,apoc,apoc,apoc,apoc,apoc,apoc,apoc,apoc,apoc,apoc,apoc,apoc,apoc,apoc,apoc,apoc,apoc,apoc,apoc,apoc,apoc,apoc,apoc,apoc,apoc,apoc,apoc,apoc,apoc,apoc,apoc,apoc,apoc,apoc,apoc,apoc,apoc,apoc,apoc,apoc,apoc,apoc,apoc,apoc,apoc,apoc,apoc,apoc,apoc,apoc,apoc,apoc,apoc,apoc,apoc,apoc,apoc,apoc,apoc,apoc,apoc
bm,apoc,apoc,apoc,apoc,apoc,apoc,apoc,apoc,apoc,apoc,apoc,apoc,apoc,apoc,apoc,apoc,apoc,apoc,apoc,apoc,apoc,apoc,apoc,apoc,apoc,apoc,apoc,apoc,apoc,apoc,apoc,apoc,apoc,apoc,apoc,apoc,apoc,apoc,apoc,apoc,apoc,apoc,apoc,apoc,apoc,apoc,apoc,apoc,apoc,apoc,apoc,apoc,apoc,apoc,apoc,apoc,apoc,apoc,apoc,apoc,apoc,apoc,apoc,apoc,apoc,apoc,apoc,apoc,apoc,apoc
sr,apoc,apoc,apoc,apoc,apoc,apoc,apoc,apoc,apoc,apoc,apoc,apoc,apoc,apoc,apoc,apoc,apoc,apoc,apoc,apoc,apoc,apoc,apoc,apoc,apoc,apoc,apoc,apoc,apoc,apoc,apoc,apoc,apoc,apoc,apoc,apoc,apoc,apoc,apoc,apoc,apoc,apoc,apoc,apoc,apoc,apoc,apoc,apoc,apoc,apoc,apoc,apoc,apoc,apoc,apoc,apoc,apoc,apoc,apoc,apoc,apoc,apoc,apoc,apoc,apoc,apoc,apoc,apoc,apoc,apoc
ltang,apoc,apoc,apoc,apoc,apoc,apoc,apoc,apoc,apoc,apoc,apoc,apoc,apoc,apoc,apoc,apoc,apoc,apoc,apoc,apoc,apoc,apoc,apoc,apoc,apoc,apoc,apoc,apoc,apoc,apoc,apoc,apoc,apoc,apoc,apoc,apoc,apoc,apoc,apoc,apoc,apoc,apoc,apoc,apoc,apoc,apoc,apoc,apoc,apoc,apoc,apoc,apoc,apoc,apoc,apoc,apoc,apoc,apoc,apoc,apoc,apoc,apoc,apoc,apoc,apoc,apoc,apoc,apoc,apoc,apoc
aw,apoc,apoc,apoc,apoc,apoc,apoc,apoc,apoc,apoc,apoc,apoc,apoc,apoc,apoc,apoc,apoc,apoc,apoc,apoc,apoc,apoc,apoc,apoc,apoc,apoc,apoc,apoc,apoc,apoc,apoc,apoc,apoc,apoc,apoc,apoc,apoc,apoc,apoc,apoc,apoc,apoc,apoc,apoc,apoc,apoc,apoc,apoc,apoc,apoc,apoc,apoc,apoc,apoc,apoc,apoc,apoc,apoc,apoc,apoc,apoc,apoc,apoc,apoc,apoc,apoc,apoc,apoc,apoc,apoc,apoc
mlynch,apoc,apoc,apoc,apoc,apoc,apoc,apoc,apoc,apoc,apoc,apoc,apoc,apoc,apoc,apoc,apoc,apoc,apoc,apoc,apoc,apoc,apoc,apoc,apoc,apoc,apoc,apoc,apoc,apoc,apoc,apoc,apoc,apoc,apoc,apoc,apoc,apoc,apoc,apoc,apoc,apoc,apoc,apoc,apoc,apoc,apoc,apoc,apoc,apoc,apoc,apoc,apoc,apoc,apoc,apoc,apoc,apoc,apoc,apoc,apoc,apoc,apoc,apoc,apoc,apoc,apoc,apoc,apoc,apoc,apoc
